{
    "total_return": 0.24807881939649956,
    "cagr": 0.7343308149071299,
    "max_drawdown": -0.12470741078263681,
    "win_rate": 0.6363636363636364
}