{
    "total_return": 0.005742935304529295,
    "cagr": 0.0028772176290496887,
    "max_drawdown": -0.0029680990550392974,
    "win_rate": 0.5714285714285714
}